{
  "quasi_biclique_results": [
    {
      "phase": "iteration_1_positive",
      "input_shape": [
        50,
        26
      ],
      "selected_rows": [
        32,
        1,
        14,
        13,
        17,
        16,
        20,
        21,
        22,
        19,
        23,
        24,
        25,
        26,
        28,
        29,
        0,
        2,
        3,
        4,
        5,
        6,
        7,
        8,
        9,
        10,
        11,
        12,
        15,
        18,
        27,
        30,
        31,
        33,
        34,
        35,
        36,
        37,
        38,
        39,
        40,
        41,
        42,
        43,
        44,
        45,
        46,
        47,
        48,
        49
      ],
      "selected_cols": [
        25,
        24,
        23,
        22,
        21,
        19,
        17,
        18,
        12,
        13,
        14,
        15,
        16,
        20
      ],
      "success": true,
      "selected_area": 700,
      "timestamp": "11:07:44",
      "selected_density": 0.9985714285714286,
      "selected_ones": 699,
      "selected_zeros": 1,
      "zeros_positions": [
        [
          18,
          20
        ]
      ],
      "zeros_positions_count": 1
    },
    {
      "phase": "iteration_1_positive",
      "input_shape": [
        50,
        12
      ],
      "selected_rows": [
        32,
        1,
        14,
        16,
        18,
        17,
        20,
        21,
        22,
        19,
        23,
        24,
        25,
        26,
        28,
        29,
        0,
        2,
        3,
        4,
        5,
        6,
        7,
        8,
        9,
        10,
        11,
        12,
        13,
        15,
        27,
        30,
        31,
        33,
        34,
        35,
        36
      ],
      "selected_cols": [
        10,
        11,
        9,
        8,
        0,
        1,
        2,
        3,
        4,
        5,
        6,
        7
      ],
      "success": true,
      "selected_area": 444,
      "timestamp": "11:07:44",
      "selected_density": 0.972972972972973,
      "selected_ones": 432,
      "selected_zeros": 12,
      "zeros_positions": [
        [
          0,
          0
        ],
        [
          7,
          1
        ],
        [
          8,
          2
        ],
        [
          9,
          8
        ],
        [
          11,
          9
        ],
        [
          15,
          5
        ],
        [
          27,
          7
        ],
        [
          33,
          4
        ],
        [
          34,
          11
        ],
        [
          34,
          1
        ],
        [
          35,
          3
        ],
        [
          36,
          6
        ]
      ],
      "zeros_positions_count": 12
    },
    {
      "phase": "iteration_2_negative",
      "input_shape": [
        13,
        12
      ],
      "selected_rows": [
        12,
        11,
        10,
        9,
        0,
        1,
        2,
        3,
        4,
        5,
        6,
        7,
        8
      ],
      "selected_cols": [
        11,
        10,
        9,
        8,
        0,
        1,
        2,
        3,
        4,
        5,
        6,
        7
      ],
      "success": true,
      "selected_area": 156,
      "timestamp": "11:07:45",
      "selected_density": 1.0,
      "selected_ones": 156,
      "selected_zeros": 0,
      "zeros_positions": [],
      "zeros_positions_count": 0
    }
  ],
  "clustering_steps": [
    {
      "step_number": 1,
      "reads_group1": [
        32,
        1,
        14,
        13,
        17,
        16,
        20,
        21,
        22,
        19,
        23,
        24,
        25,
        26,
        28,
        29,
        0,
        2,
        3,
        4,
        5,
        6,
        7,
        8,
        9,
        10,
        11,
        12,
        15,
        18,
        27,
        30,
        31,
        33,
        34,
        35,
        36,
        37,
        38,
        39,
        40,
        41,
        42,
        43,
        44,
        45,
        46,
        47,
        48,
        49
      ],
      "reads_group0": [],
      "columns": [
        25,
        24,
        23,
        22,
        21,
        19,
        17,
        18,
        12,
        13,
        14,
        15,
        16,
        20
      ],
      "ilp_calls": 1,
      "group1_size": 50,
      "group0_size": 0,
      "columns_count": 14,
      "timestamp": "11:07:44"
    },
    {
      "step_number": 2,
      "reads_group1": [
        32,
        1,
        14,
        16,
        18,
        17,
        20,
        21,
        22,
        19,
        23,
        24,
        25,
        26,
        28,
        29,
        0,
        2,
        3,
        4,
        5,
        6,
        7,
        8,
        9,
        10,
        11,
        12,
        13,
        15,
        27,
        30,
        31,
        33,
        34,
        35,
        36
      ],
      "reads_group0": [
        49,
        48,
        47,
        46,
        37,
        38,
        39,
        40,
        41,
        42,
        43,
        44,
        45
      ],
      "columns": [
        7,
        6,
        5,
        4,
        10,
        11,
        9,
        8,
        0,
        1,
        2,
        3
      ],
      "ilp_calls": 2,
      "group1_size": 37,
      "group0_size": 13,
      "columns_count": 12,
      "timestamp": "11:07:45",
      "group1_density": {
        "ones_count": 432,
        "zeros_count": 12,
        "minus_ones_count": 0,
        "ones_density": 0.972972972972973,
        "zeros_density": 0.02702702702702703,
        "minus_ones_density": 0.0
      },
      "group0_density": {
        "ones_count": 0,
        "zeros_count": 156,
        "minus_ones_count": 0,
        "ones_density": 0.0,
        "zeros_density": 1.0,
        "minus_ones_density": 0.0
      },
      "density_contrast": {
        "ones_difference": 0.972972972972973,
        "zeros_difference": -0.972972972972973
      }
    }
  ],
  "matrix_info": {
    "shape": [
      50,
      26
    ],
    "total_elements": 1300,
    "ones_count": 1131,
    "zeros_count": 169,
    "minus_ones_count": 0,
    "density": 0.87
  },
  "timestamp": "2025-06-24 11:07:45"
}